,Symbol,Name,Closed_0214,%Percentage,Sector,GICS.Sub.Industry,Market_Cap,ValueRetention,ValueRetention*Market_Cap,kmedian_cluster,kmeans_cluster
0,MMM,3M Company,161.0099945,-26.79336267,Industrials,Industrial Conglomerates,92.68,73.20663733,6784.7911477443995,2,1
1,ABT,Abbott Laboratories,89.66000366,-29.93531438,Health Care,Health Care Equipment,158.11,70.06468562,11077.927443378201,2,1
2,ABBV,AbbVie Inc.,94.05000305,-31.41945996,Health Care,Pharmaceuticals,139.11,68.58054004,9540.238924964402,2,3
3,ABMD,ABIOMED Inc,167.22000119999996,-20.85875172,Health Care,Health Care Equipment,7.535,79.14124828,596.3293057898001,2,1
4,ACN,Accenture plc,212.36999509999998,-32.33978163,Information Technology,IT Consulting & Other Services,134.99,67.66021837,9133.4528777663,2,3
5,ATVI,Activision Blizzard,63.52000046,-11.09886522,Communication Services,Interactive Home Entertainment,48.83,88.90113478,4341.042411307401,2,1
6,ADBE,Adobe Inc.,379.67001339999996,-19.06919742,Information Technology,Application Software,183.48,80.93080258,14849.1836573784,2,1
7,AMD,Advanced Micro Devices Inc,55.31000137,-24.71524434,Information Technology,Semiconductors,64.69,75.28475566,4870.1708436454,2,1
8,AAP,Advance Auto Parts,133.5899963,-41.23811501,Consumer Discretionary,Automotive Retail,9.25,58.76188499,543.5474361575,3,3
9,AES,AES Corp,20.93000031,-43.28714901,Utilities,Independent Power Producers & Energy Traders,13.9,56.71285099,788.308628761,3,3
10,AFL,AFLAC Inc,52.81000137,-51.3539105,Financials,Life & Health Insurance,38.16,48.6460895,1856.33477532,1,2
11,A,Agilent Technologies Inc,85.81999969,-26.15940438,Health Care,Health Care Equipment,26.6,73.84059562,1964.1598434920002,2,1
12,APD,Air Products & Chemicals Inc,256.01000980000003,-30.96754463,Materials,Industrial Gases,56.45,69.03245537000001,3896.882105636501,2,3
13,AKAM,Akamai Technologies Inc,99.66999817,-14.17678089,Information Technology,Internet Services & Infrastructure,16.15,85.82321911,1386.0449886264996,2,1
14,ALK,Alaska Air Group Inc,66.11000061,-63.65148924,Industrials,Airlines,8.126,36.34851076,295.36799843576,1,2
15,ALB,Albemarle Corp,89.63999939,-43.21731161,Materials,Specialty Chemicals,9.505,56.78268839,539.7194531469502,3,3
16,ARE,Alexandria Real Estate Equities,174.92999269999999,-34.30514893,Real Estate,Office REITs,21.46,65.69485107,1409.8115039622,3,3
17,ALXN,Alexion Pharmaceuticals,102.55999759999999,-20.895086600000006,Health Care,Biotechnology,22.71,79.1049134,1796.4725833139996,2,1
18,ALGN,Align Technology,274.9500122,-49.91089467,Health Care,Health Care Supplies,21.57,50.08910533,1080.4220019681002,1,2
19,ALLE,Allegion,138.8999939,-43.41252561,Industrials,Building Products,12.86,56.58747439,727.7149206554,3,3
20,AGN,"Allergan, plc",198.32000730000001,-15.43969809,Health Care,Pharmaceuticals,65.25,84.56030190999998,5517.5596996275,2,1
21,ADS,Alliance Data Systems,102.83000179999999,-69.83370621,Information Technology,Data Processing & Outsourced Services,65.25,30.16629379,1968.3506697975,1,2
22,LNT,Alliant Energy Corp,59.74000168,-33.05992542,Utilities,Electric Utilities,14.64,66.94007458,980.0026918512,2,3
23,ALL,Allstate Corp,125.5699997,-41.68192758,Financials,Property & Casualty Insurance,39.79,58.31807242,2320.4761015917998,3,3
24,GOOGL,Alphabet Inc Class A,1518.72998,-30.59134814,Communication Services,Interactive Media & Services,1044.0,69.40865185999999,72462.63254184,2,3
25,GOOG,Alphabet Inc Class C,1520.73999,-30.519352299999998,Communication Services,Interactive Media & Services,1045.0,69.4806477,72607.27684650001,2,3
26,MO,Altria Group Inc,45.16999817,-30.52911128,Consumer Staples,Tobacco,83.94,69.47088872,5831.3863991568005,2,3
27,AMZN,Amazon.com Inc.,2134.8701170000004,-10.86905284,Consumer Discretionary,Internet & Direct Marketing Retail,1063.0,89.13094716,94746.19683108,2,1
28,AMCR,Amcor plc,10.21000004,-35.16160763,Materials,Paper Packaging,16.38,64.83839237000001,1062.0528670206004,3,3
29,AEE,Ameren Corp,86.79000092,-29.28909058,Utilities,Multi-Utilities,21.37,70.71090942000002,1511.0921343054001,2,1
30,AAL,American Airlines Group,29.20000076,-64.89726119,Industrials,Airlines,12.44,35.102738810000005,436.67807079640005,1,2
31,AEP,American Electric Power,103.7600021,-32.53662437,Utilities,Electric Utilities,51.28,67.46337563,3459.5219023064,2,3
32,AXP,American Express Co,135.86999509999998,-49.24560126,Financials,Consumer Finance,109.79,50.75439874,5572.3254376646,1,3
33,AIG,American International Group,48.47999954,-60.18977017,Financials,Property & Casualty Insurance,42.34,39.81022983,1685.5651310022,1,2
34,T,AT&T,38.25,-30.0130707,Communication Services,Integrated Telecommunication Services,274.36,69.9869293,19201.613922748,2,1
35,AMT,American Tower Corp.,256.25,-30.11122094,Real Estate,Specialized REITs,113.49,69.88877906,7931.677535519399,2,3
36,AWK,American Water Works Company Inc,139.32000730000001,-30.32587239,Utilities,Water Utilities,25.21,69.67412761,1756.4847570481,2,3
37,AMP,Ameriprise Financial,178.82000730000001,-53.65172024,Financials,Asset Management & Custody Banks,22.04,46.34827976,1021.5160859104,1,2
38,ABC,AmerisourceBergen Corp,94.36000061,-21.65112354,Health Care,Health Care Distributors,19.43,78.34887646,1522.3186696178,2,1
39,AME,AMETEK Inc.,101.3399963,-42.55969885,Industrials,Electrical Components & Equipment,23.22,57.44030115,1333.763792703,3,3
40,AMGN,Amgen Inc.,223.4799957,-16.80240011,Health Care,Biotechnology,131.81,83.19759988999998,10966.275641500899,2,1
41,APH,Amphenol Corp,104.0699997,-33.69847199,Information Technology,Electronic Components,31.02,66.30152801,2056.6733988702,2,3
42,ADI,"Analog Devices, Inc.",117.65000149999999,-27.61580743,Information Technology,Semiconductors,43.32,72.38419257,3135.6832221324,2,1
43,ANSS,ANSYS,291.980011,-28.64237336,Information Technology,Application Software,25.03,71.35762664,1786.0813947992006,2,1
44,ANTM,Anthem,297.8200073000001,-41.34712632,Health Care,Managed Health Care,75.15,58.65287368,4407.763457052,3,3
45,AON,Aon plc,235.7299957,-38.28532713,Financials,Insurance Brokers,54.59,61.71467287,3369.003991973301,3,3
46,AOS,A.O. Smith Corp,43.93000031,-18.96198901,Industrials,Building Products,7.115,81.03801099,576.5854481938501,2,1
47,APA,Apache Corporation,27.36000061,-84.24707658,Energy,Oil & Gas Exploration & Production,10.32,15.752923420000002,162.57016969440002,1,2
48,AIV,Apartment Investment & Management,54.79999924,-53.85036265,Real Estate,Residential REITs,8.158999999999999,46.14963735,376.53489113865004,1,2
49,AAPL,Apple Inc.,324.9500122,-30.95245832,Information Technology,"Technology Hardware, Storage & Peripherals",1422.0,69.04754168,98185.60426896,2,3
50,AMAT,Applied Materials Inc.,66.84999847,-39.91024819,Information Technology,Semiconductor Equipment,61.39,60.08975181,3688.9098636159,3,3
51,APTV,Aptiv PLC,88.31999969,-47.3505433,Consumer Discretionary,Auto Parts & Equipment,22.55,52.6494567,1187.245248585,3,3
52,ADM,Archer-Daniels-Midland Co,44.77000046,-34.53205458,Consumer Staples,Agricultural Products,24.98,65.46794542,1635.3892765916007,3,3
53,ARNC,Arconic Inc.,33.36000061,-64.05875434,Industrials,Aerospace & Defense,132.92,35.94124566000001,4777.3103731271995,1,2
54,ANET,Arista Networks,223.4700012,-27.56074462,Information Technology,Communications Equipment,17.09,72.43925537999998,1237.9868744441999,2,1
55,AJG,Arthur J. Gallagher & Co.,109.1600037,-37.48626276,Financials,Insurance Brokers,20.55,62.51373724,1284.657300282,3,3
56,AIZ,Assurant,142.5200043,-34.61970424,Financials,Multi-line Insurance,8.526,65.38029576,557.43240164976,3,3
57,ATO,Atmos Energy Corp,120.4499969,-33.16728764,Utilities,Gas Utilities,14.73,66.83271236,984.4458530628,2,3
58,ADSK,Autodesk Inc.,208.9499969,-31.016989000000002,Information Technology,Application Software,45.84,68.983011,3162.181224240001,2,3
59,ADP,Automatic Data Processing,181.25,-39.82344844,Information Technology,Internet Services & Infrastructure,78.26,60.17655156,4709.4169250856,3,3
60,AZO,AutoZone Inc,1053.209961,-31.33183339,Consumer Discretionary,Specialty Stores,24.85,68.66816661,1706.4039402585001,2,3
61,AVB,"AvalonBay Communities, Inc.",227.5299988,-46.78503825,Real Estate,Residential REITs,32.0,53.21496175,1702.8787760000002,3,3
62,AVY,Avery Dennison Corp,138.13000490000002,-42.98849112,Materials,Paper Packaging,11.52,57.01150888,656.7725822976,3,3
63,BKR,Baker Hughes Co,21.97999954,-57.55231975,Energy,Oil & Gas Equipment & Services,22.66,42.44768025,961.864434465,1,2
64,BLL,Ball Corp,77.22000122,-32.73763558,Materials,Metal & Glass Containers,25.07,67.26236442,1686.2674760093994,2,3
65,BAC,Bank of America Corp,34.84999847,-48.12051445,Financials,Diversified Banks,307.94,51.87948555,15975.768780266999,3,3
66,BK,The Bank of New York Mellon Corp.,45.90000153,-40.10893495,Financials,Asset Management & Custody Banks,40.86,59.89106505,2447.148917943,3,3
67,BAX,Baxter International Inc.,93.13999939,-22.90101135,Health Care,Health Care Equipment,47.14,77.09898865,3634.446324961,2,1
68,BDX,Becton Dickinson,260.2200012,-22.91906814,Health Care,Health Care Equipment,70.56,77.08093185999998,5438.8305520416,2,1
69,BBY,Best Buy Co. Inc.,90.20999908,-43.80889132,Consumer Discretionary,Computer & Electronics Retail,23.14,56.19110868,1300.2622548552001,3,3
70,BIIB,Biogen Inc.,333.0,-19.16216143,Health Care,Biotechnology,57.96,80.83783857,4685.361123517199,2,1
71,BLK,BlackRock,565.9400024,-42.14580839,Financials,Asset Management & Custody Banks,88.09,57.85419161,5096.375738924899,3,3
72,BA,Boeing Company,340.48999019999997,-68.97999772,Industrials,Aerospace & Defense,191.75,31.02000228,5948.08543719,1,2
73,BKNG,Booking Holdings Inc,1990.959961,-42.12641073,Consumer Discretionary,Internet & Direct Marketing Retail,82.46,57.87358927,4772.2561712042,3,3
74,BWA,BorgWarner,34.15000153,-38.06735381,Consumer Discretionary,Auto Parts & Equipment,7.049,61.93264619,436.56322299331003,3,3
75,BXP,Boston Properties,147.2299957,-47.06920969,Real Estate,Office REITs,22.79,52.93079031,1206.2927111649,3,3
76,BSX,Boston Scientific,42.31000137,-38.95060486,Health Care,Health Care Equipment,59.07,61.04939514,3606.1877709197997,3,3
77,BMY,Bristol-Myers Squibb,66.37999725,-30.09942235,Health Care,Health Care Distributors,149.85,69.90057765,10474.6015608525,2,3
78,AVGO,Broadcom Inc.,317.769989,-39.11633952,Information Technology,Semiconductors,126.94,60.88366048,7728.5718613312,3,3
79,BR,Broadridge Financial Solutions,122.27999879999999,-31.09257198,Information Technology,Data Processing & Outsourced Services,14.04,68.90742802,967.4602894008,2,3
80,CHRW,C. H. Robinson Worldwide,72.01000214,-12.17886432,Industrials,Air Freight & Logistics,9.714,87.82113568,853.0945119955203,2,1
81,COG,Cabot Oil & Gas,14.80000019,-4.459458371,Energy,Oil & Gas Exploration & Production,5.893,95.54054162899999,563.0204118196971,2,1
82,CDNS,Cadence Design Systems,78.76000214,-29.07567408,Information Technology,Application Software,22.07,70.92432592,1565.2998730544,2,1
83,CPB,Campbell Soup,48.63999939,-11.73930748,Consumer Staples,Packaged Foods & Meats,14.69,88.26069251999998,1296.5495731187998,2,1
84,COF,Capital One Financial,102.63999940000001,-58.23265863,Financials,Consumer Finance,46.92,41.76734137,1959.7236570804,1,2
85,CPRI,Capri Holdings,28.62000084,-67.78476591,Consumer Discretionary,"Apparel, Accessories & Luxury Goods",4.275,32.21523409,137.72012573474998,1,2
86,CAH,Cardinal Health Inc.,59.61999893,-31.23112926,Health Care,Health Care Distributors,17.4,68.76887074,1196.5783508759998,2,3
87,KMX,Carmax Inc,98.80999756,-51.72553189,Consumer Discretionary,Specialty Stores,16.14,48.27446811,779.1499152954001,1,2
88,CCL,Carnival Corp.,42.59999847,-71.83098491,Consumer Discretionary,"Hotels, Resorts & Cruise Lines",30.25,28.16901509,852.1127064725,1,2
89,CAT,Caterpillar Inc.,137.9900055,-33.43720935,Industrials,Construction Machinery & Heavy Trucks,75.91,66.56279065,5052.7814382415,2,3
90,CBOE,Cboe Global Markets,125.6299973,-39.07505963,Financials,Financial Exchanges & Data,13.87,60.92494037,845.0289229319002,3,3
91,CBRE,CBRE Group,63.95999908,-53.36147537,Real Estate,Real Estate Services,21.41,46.63852463,998.5308123283,1,2
92,CDW,CDW,138.28999330000002,-38.10109001,Information Technology,Technology Distributors,19.78,61.89890999,1224.3604396022,3,3
93,CE,Celanese,110.0199966,-43.46482216,Materials,Specialty Chemicals,13.15,56.53517784,743.4375885960001,3,3
94,CNC,Centene Corporation,64.94000244,-29.85833458,Health Care,Managed Health Care,38.1,70.14166542,2672.3974525020003,2,1
95,CNP,CenterPoint Energy,27.18000031,-55.48197113,Utilities,Multi-Utilities,13.65,44.51802887,607.6710940755,1,2
96,CTL,CenturyLink Inc,13.89999962,-37.48201569,Communication Services,Alternative Carriers,15.15,62.51798431,947.1474622965,3,3
97,CERN,Cerner,77.06999969,-29.02555991,Health Care,Health Care Technology,24.04,70.97444009,1706.2255397636,2,1
98,CF,CF Industries Holdings Inc,38.29999924,-42.45430456,Materials,Fertilizers & Agricultural Chemicals,8.279,57.54569544,476.42081254775985,3,3
99,SCHW,Charles Schwab Corporation,47.22999954,-39.65699709,Financials,Investment Banking & Brokerage,60.75,60.34300291,3665.8374267825,3,3
100,CHTR,Charter Communications,534.8900146000002,-28.624579200000003,Communication Services,Cable & Satellite,112.31,71.3754208,8016.173510048001,2,1
101,CVX,Chevron Corp.,110.08000179999999,-50.7449125,Energy,Integrated Oil & Gas,206.88,49.2550875,10189.892502,1,2
102,CMG,Chipotle Mexican Grill,921.9400024,-36.14443235,Consumer Discretionary,Restaurants,25.6,63.85556765,1634.70253184,3,3
103,CB,Chubb Limited,164.5599976,-42.75644242,Financials,Property & Casualty Insurance,74.37,57.24355758,4257.2033772246,3,3
104,CHD,Church & Dwight,76.43000031,-20.35849969,Consumer Staples,Household Products,18.78,79.64150031,1495.6673758217999,2,1
105,CI,CIGNA Corp.,220.3399963,-40.97304179,Health Care,Managed Health Care,81.82,59.02695821,4829.5857207422,3,3
106,CINF,Cincinnati Financial,115.20999909999999,-42.03628217,Financials,Property & Casualty Insurance,18.77,57.96371783,1087.9789836691,3,3
107,CTAS,Cintas Corporation,300.88000489999996,-47.79978895,Industrials,Diversified Support Services,31.22,52.20021105,1629.690588981,3,3
108,CSCO,Cisco Systems,46.97000122,-26.33596429,Information Technology,Communications Equipment,199.19,73.66403571000002,14673.1392730749,2,1
109,C,Citigroup Inc.,78.79000092,-55.08313367,Financials,Diversified Banks,165.97,44.91686633,7454.8523047901,1,2
110,CFG,Citizens Financial Group,38.66999817,-58.9604328,Financials,Regional Banks,16.53,41.0395672,678.384045816,1,2
111,CTXS,Citrix Systems,122.02999879999999,-0.352372621,Information Technology,Application Software,14.93,99.647627379,1487.7390767684699,2,1
112,CLX,The Clorox Company,164.83000180000005,3.221499423,Consumer Staples,Household Products,20.62,103.221499423,2128.42731810226,2,1
113,CME,CME Group Inc.,213.13000490000002,-34.52822686,Financials,Financial Exchanges & Data,76.39,65.47177314000001,5001.3887501646,3,3
114,CMS,CMS Energy,68.51000214,-29.19282322,Utilities,Multi-Utilities,19.45,70.80717677999998,1377.1995883710001,2,1
115,KO,Coca-Cola Company,59.95000076,-37.34778833,Consumer Staples,Soft Drinks,256.59,62.65221167,16075.930992405298,3,3
116,CTSH,Cognizant Technology Solutions,68.41999817,-39.18444647,Information Technology,IT Consulting & Other Services,37.54,60.81555353,2283.0158795162,3,3
117,CL,Colgate-Palmolive,76.69000244,-21.15008568,Consumer Staples,Household Products,65.57,78.84991432,5170.188881962399,2,1
118,CMCSA,Comcast Corp.,46.09000015,-25.86244726,Communication Services,Cable & Satellite,209.85,74.13755274,15557.765442488999,2,1
119,CMA,Comerica Inc.,62.75999832,-56.43721975,Financials,Diversified Banks,8.871,43.56278025,386.4454235977501,1,2
120,CAG,Conagra Brands,32.68999863,-21.19913946,Consumer Staples,Packaged Foods & Meats,15.91,78.80086054,1253.7216911914,2,1
121,CXO,Concho Resources,77.93000031,-51.19979645,Energy,Oil & Gas Exploration & Production,15.33,48.80020355,748.1071204215,1,2
122,COP,ConocoPhillips,58.61999893,-58.12009607,Energy,Oil & Gas Exploration & Production,63.38,41.87990393,2654.3483110834,1,2
123,ED,Consolidated Edison,94.30000305,-30.69989782,Utilities,Electric Utilities,31.48,69.30010218,2181.5672166264003,2,3
124,STZ,Constellation Brands,203.83000180000002,-48.17249745,Consumer Staples,Distillers & Vintners,39.06,51.82750255,2024.382249603,3,3
125,COO,The Cooper Companies,353.30999760000014,-31.09733545,Health Care,Health Care Supplies,17.38,68.90266455,1197.5283098789998,2,3
126,CPRT,Copart Inc,103.25,-43.070219099999996,Industrials,Diversified Support Services,24.12,56.929780900000004,1373.146315308,3,3
127,GLW,Corning Inc.,28.59000015,-37.91535535,Information Technology,Electronic Components,21.83,62.08464465,1355.3077927094998,3,3
128,COST,Costco Wholesale Corp.,318.3099976000001,-10.29813673,Consumer Staples,Hypermarkets & Super Centers,140.62,89.70186327,12613.8760130274,2,1
129,COTY,"Coty, Inc",11.40999985,-54.86415281,Consumer Staples,Personal Products,8.677999999999999,45.13584719,391.6888819148201,1,2
130,CCI,Crown Castle International Corp.,165.97000119999996,-29.51738116,Real Estate,Specialized REITs,69.04,70.48261884,4866.120004713601,2,1
131,CSX,CSX Corp.,79.58999634,-40.11810273,Industrials,Railroads,61.59,59.88189727,3688.1260528592998,3,3
132,CMI,Cummins Inc.,166.77999880000004,-38.38589586,Industrials,Industrial Machinery,25.06,61.61410414,1544.0494497483999,3,3
133,CVS,CVS Health,71.37000275,-25.61300531,Health Care,Health Care Services,93.08,74.38699469,6923.941465745199,2,1
134,DHI,D. R. Horton,61.81000137,-52.17602522,Consumer Discretionary,Homebuilding,22.64,47.82397478,1082.7347890192,1,2
135,DHR,Danaher Corp.,165.9499969,-26.85146031,Health Care,Health Care Equipment,115.54,73.14853969,8451.5822757826,2,1
136,DRI,Darden Restaurants,121.70999909999999,-66.28871984,Consumer Discretionary,Restaurants,14.79,33.71128016,498.5898335664,1,2
137,DVA,DaVita Inc.,85.98000336,-23.54036369,Health Care,Health Care Facilities,10.79,76.45963631000002,824.9994757849,2,1
138,DE,Deere & Co.,168.07000730000001,-33.86684317,Industrials,Agricultural & Farm Machinery,52.71,66.13315682999999,3485.8786965092995,2,3
139,DAL,Delta Air Lines Inc.,58.90000153,-62.27504459,Industrials,Airlines,37.7,37.72495541,1422.230818957,1,2
140,XRAY,Dentsply Sirona,57.84999847,-44.85738901,Health Care,Health Care Supplies,12.8,55.14261099,705.8254206720003,3,3
141,DVN,Devon Energy,22.81999969,-72.91849294,Energy,Oil & Gas Exploration & Production,8.738,27.08150706000001,236.63820869028004,1,2
142,FANG,Diamondback Energy,74.97000122,-72.82913098,Energy,Oil & Gas Exploration & Production,11.87,27.17086902,322.5182152674,1,2
143,DLR,Digital Realty Trust Inc,131.5,-17.9467669,Real Estate,Specialized REITs,27.43,82.05323309999999,2250.720183933,2,1
144,DFS,Discover Financial Services,76.41999817,-65.12692979,Financials,Consumer Finance,23.7,34.873070209999995,826.4917639769998,1,2
145,DISCA,Discovery Inc. Class A,30.20999908,-38.79509986,Communication Services,Broadcasting,15.74,61.20490014,963.3651282036,3,3
146,DISCK,Discovery Inc. Class C,28.72999954,-42.70797304,Communication Services,Broadcasting,14.97,57.29202696,857.6616435912,3,3
147,DISH,Dish Network,39.97000122,-54.59094555,Communication Services,Cable & Satellite,20.91,45.40905445,949.5033285495,1,2
148,DG,Dollar General,158.02999880000004,-11.49149136,Consumer Discretionary,General Merchandise Stores,39.81,88.50850864,3523.5237289584,2,1
149,DLTR,Dollar Tree,88.68000031,-13.88136842,Consumer Discretionary,General Merchandise Stores,20.99,86.11863158,1807.6300768642002,2,1
150,D,Dominion Energy,87.45999908,-32.09467184,Utilities,Electric Utilities,73.29,67.90532816000001,4976.7815008464,2,3
151,DOV,Dover Corp.,119.8600006,-45.46136959,Industrials,Industrial Machinery,17.3,54.53863041,943.518306093,3,3
152,DTE,DTE Energy Co.,134.0200043,-42.68766221,Utilities,Multi-Utilities,25.76,57.31233779,1476.3658214704,3,3
153,DUK,Duke Energy,101.2799988,-36.66074023,Utilities,Electric Utilities,74.27,63.33925977,4704.2068231179,3,3
154,DRE,Duke Realty Corp,38.47999954,-31.78274347,Real Estate,Industrial REITs,14.16,68.21725653,965.9563524647999,2,3
155,DD,DuPont de Nemours Inc,53.09999847,-46.40301337,Materials,Specialty Chemicals,39.26,53.59698663,2104.2176950938,3,3
156,DXC,DXC Technology,30.81999969,-64.8280329,Information Technology,IT Consulting & Other Services,7.82,35.1719671,275.04478272200004,1,2
157,ETFC,E*Trade,44.18999863,-38.28920275,Financials,Investment Banking & Brokerage,9.799,61.71079725,604.70410225275,3,3
158,EMN,Eastman Chemical,74.73000336,-48.62839868,Materials,Diversified Chemicals,10.16,51.37160132,521.9354694112001,3,3
159,ETN,Eaton Corporation,103.5500031,-44.21052752,Industrials,Electrical Components & Equipment,42.81,55.78947248,2388.3473168688,3,3
160,EBAY,eBay Inc.,38.13999939,-30.93864558,Consumer Discretionary,Internet & Direct Marketing Retail,30.36,69.06135442,2096.7027201912,2,3
161,ECL,Ecolab Inc.,207.3099976,-39.59770262,Materials,Specialty Chemicals,59.74,60.40229738,3608.4332454812,3,3
162,EIX,Edison Int'l,77.13999939,-42.35156654,Utilities,Electric Utilities,27.92,57.64843346,1609.5442622032,3,3
163,EW,Edwards Lifesciences,230.5500031,-31.80221486,Health Care,Health Care Equipment,48.21,68.19778514000001,3287.8152215994005,2,3
164,EA,Electronic Arts,109.6900024,-12.96380792,Communication Services,Interactive Home Entertainment,31.77,87.03619208,2765.1398223815995,2,1
165,EMR,Emerson Electric Company,73.51000214,-48.19752316,Industrials,Electrical Components & Equipment,44.98,51.80247684,2330.0754082632,3,3
166,ETR,Entergy Corp.,134.13000490000002,-41.71326515,Utilities,Electric Utilities,26.79,58.28673485,1561.5016266315,3,3
167,EOG,EOG Resources,74.91999817,-53.89748831,Energy,Oil & Gas Exploration & Production,43.61,46.10251169,2010.5305348008999,1,2
168,EFX,Equifax Inc.,162.96000669999995,-35.80019733,Industrials,Research & Consulting Services,19.76,64.19980267,1268.5881007592,3,3
169,EQIX,Equinix,648.6500244,-24.59107435,Real Estate,Specialized REITs,55.34,75.40892565,4173.129945471001,2,1
170,EQR,Equity Residential,86.45999908,-40.56210972,Real Estate,Residential REITs,32.16,59.43789028,1911.5225514048002,3,3
171,ESS,"Essex Property Trust, Inc.",324.17001339999996,-43.78567166,Real Estate,Residential REITs,21.43,56.21432834,1204.6730563262,3,3
172,EL,Est√©e Lauder Companies,215.00999449999998,-32.84963091,Consumer Staples,Personal Products,77.3,67.15036909,5190.723530657,2,3
173,EVRG,Evergy,72.33999634,-37.90434000000001,Utilities,Electric Utilities,16.4,62.095659999999995,1018.3688239999997,3,3
174,ES,Eversource Energy,93.66000366,-33.55755167,Utilities,Multi-Utilities,30.91,66.44244832999999,2053.7360778803,2,3
175,RE,Everest Re Group Ltd.,291.3699951000001,-40.98225294,Financials,Reinsurance,11.89,59.01774706,701.7210125434,3,3
176,EXC,Exelon Corp.,49.75999832,-39.75080275,Utilities,Multi-Utilities,48.48,60.24919725,2920.88108268,3,3
177,EXPE,Expedia Group,122.8000031,-58.59120748,Consumer Discretionary,Internet & Direct Marketing Retail,17.19,41.40879252,711.8171434188,1,2
178,EXPD,Expeditors,73.38999939,-23.88608656,Industrials,Air Freight & Logistics,12.45,76.11391344,947.618222328,2,1
179,EXR,Extra Space Storage,115.4300003,-35.36342336,Real Estate,Specialized REITs,14.95,64.63657664,966.3168207680001,3,3
180,XOM,Exxon Mobil Corp.,60.65000153,-48.14509485,Energy,Integrated Oil & Gas,256.68,51.85490515,13310.117053902,3,3
181,FFIV,F5 Networks,127.5100021,-22.63351904,Information Technology,Communications Equipment,7.752999999999999,77.36648096,599.8223268828799,2,1
182,FB,"Facebook, Inc.",214.17999269999996,-30.85254871,Communication Services,Interactive Media & Services,610.51,69.14745128999999,42215.210487057884,2,3
183,FAST,Fastenal Co,38.31999969,-26.46137649,Industrials,Building Products,22.0,73.53862351000002,1617.8497172200002,2,1
184,FRT,Federal Realty Investment Trust,127.2300034,-47.59883957,Real Estate,Retail REITs,9.625,52.40116043,504.36116913875,3,3
185,FDX,FedEx Corporation,158.61999509999995,-29.54229884,Industrials,Air Freight & Logistics,41.42,70.45770116,2918.3579820471996,2,1
186,FIS,Fidelity National Information Services,157.4400024,-34.92759441,Information Technology,Data Processing & Outsourced Services,96.67,65.07240559,6290.5494483853,3,3
187,FITB,Fifth Third Bancorp,29.60000038,-58.91891996,Financials,Regional Banks,21.0,41.08108004,862.7026808400003,1,2
188,FE,FirstEnergy Corp,52.22999954,-36.4541472,Utilities,Electric Utilities,28.24,63.54585279999999,1794.5348830720002,3,3
189,FRC,First Republic Bank,117.7300034,-35.78527451,Financials,Regional Banks,20.17,64.21472549,1295.2110131333004,3,3
190,FISV,Fiserv Inc,122.3199997,-37.05035956,Information Technology,Data Processing & Outsourced Services,83.17,62.94964044,5235.5215953948,3,3
191,FLT,FleetCor Technologies Inc,318.42999269999996,-46.07291864,Information Technology,Data Processing & Outsourced Services,27.2,53.92708136,1466.816612992,3,3
192,FLIR,FLIR Systems,57.50999832,-49.62615170000001,Information Technology,Electronic Equipment & Instruments,7.729,50.37384829999999,389.3394735106999,1,2
193,FLS,Flowserve Corporation,46.40999985,-58.54341772,Industrials,Industrial Machinery,6.075,41.45658228,251.84873735099998,1,2
194,FMC,FMC Corporation,105.47000120000001,-39.14857347,Materials,Fertilizers & Agricultural Chemicals,13.62,60.85142653,828.7964293385999,3,3
195,F,Ford Motor Company,8.100000381000001,-50.49382667,Consumer Discretionary,Automobile Manufacturers,32.12,49.50617333,1590.1382873595999,1,2
196,FTNT,Fortinet,119.1900024,-27.93019568,Information Technology,Systems Software,20.46,72.06980432,1474.5481963872,2,1
197,FTV,Fortive Corp,77.80999756,-46.00951081,Industrials,Industrial Machinery,26.14,53.99048919,1411.3113874266,3,3
198,FBHS,Fortune Brands Home & Security,72.98999786,-52.281130499999996,Industrials,Building Products,10.22,47.718869500000004,487.68684629000006,1,2
199,BEN,Franklin Resources,24.36000061,-37.19211902,Financials,Asset Management & Custody Banks,12.1,62.80788098,759.9753598579999,3,3
200,FCX,Freeport-McMoRan Inc.,12.23999977,-55.96405255,Materials,Copper,17.76,44.03594745,782.0784267120001,1,2
201,GPS,Gap Inc.,18.13999939,-65.38037254,Consumer Discretionary,Apparel Retail,6.73,34.619627460000004,232.99009280580003,1,2
202,GRMN,Garmin Ltd.,98.18000031,-35.1904656,Consumer Discretionary,Consumer Electronics,18.72,64.80953439999999,1213.2344839679995,3,3
203,IT,Gartner Inc,152.41000369999998,-44.21626232,Information Technology,IT Consulting & Other Services,13.58,55.78373768,757.5431576944002,3,3
204,GD,General Dynamics,188.0599976,-43.31596307,Industrials,Aerospace & Defense,54.47,56.68403693,3087.5794915771003,3,3
205,GE,General Electric,12.82999992,-52.37723952,Industrials,Industrial Conglomerates,112.14,47.62276048,5340.416360227199,1,2
206,GIS,General Mills,53.31000137,-11.31120322,Consumer Staples,Packaged Foods & Meats,32.24,88.68879678,2859.3268081871997,2,1
207,GM,General Motors,34.75999832,-49.36708507,Consumer Discretionary,Automobile Manufacturers,49.67,50.63291493,2514.9368845731,1,3
208,GPC,Genuine Parts,96.47000122,-47.86980379,Consumer Discretionary,Specialty Stores,14.02,52.13019621,730.8653508642,3,3
209,GILD,Gilead Sciences,67.55999756,7.474841969,Health Care,Biotechnology,85.53,107.474841969,9192.323233608571,2,1
210,GL,Globe Life Inc.,110.9499969,-47.58900124,Financials,Life & Health Insurance,11.95,52.41099876,626.311435182,3,3
211,GPN,Global Payments Inc.,206.36999509999998,-43.75635875,Information Technology,Data Processing & Outsourced Services,61.96,56.24364125,3484.8560118500004,3,3
212,GS,Goldman Sachs Group,237.08000180000002,-43.06984976,Financials,Investment Banking & Brokerage,81.95,56.93015024,4665.4258121679995,3,3
213,GWW,Grainger (W.W.) Inc.,307.64999389999997,-31.90638399,Industrials,Industrial Machinery,16.51,68.09361601,1124.2256003251002,2,3
214,HRB,H&R Block,22.37999916,-44.68274987,Consumer Discretionary,Specialized Consumer Services,4.308,55.31725013,238.30671356003998,3,3
215,HAL,Halliburton Co.,22.12000084,-76.31103267,Energy,Oil & Gas Equipment & Services,19.46,23.68896733,460.9873042418,1,2
216,HBI,Hanesbrands Inc,14.30000019,-37.20280124,Consumer Discretionary,"Apparel, Accessories & Luxury Goods",5.183,62.79719876,325.47788117308,3,3
217,HOG,Harley-Davidson,34.36000061,-55.35506438,Consumer Discretionary,Motorcycle Manufacturers,5.25,44.64493562,234.385912005,1,2
218,HIG,Hartford Financial Svc.Gp.,59.09999847,-48.03722525,Financials,Property & Casualty Insurance,21.25,51.96277475,1104.2089634375,3,3
219,HAS,Hasbro Inc.,97.70999908,-46.91433894,Consumer Discretionary,Leisure Products,13.37,53.08566106,709.7552883722,3,3
220,HCA,HCA Healthcare,149.57000730000001,-47.34238264,Health Care,Health Care Facilities,50.62,52.65761736,2665.5285907632,3,3
221,PEAK,Healthpeak Properties,37.31000137,-46.52908060000001,Real Estate,Health Care REITs,18.86,53.47091939999999,1008.461539884,3,3
222,HP,Helmerich & Payne,45.31000137,-68.81483186,Energy,Oil & Gas Drilling,4.933,31.18516814,153.83643443462,1,2
223,HSIC,Henry Schein,72.12999725,-40.1358631,Health Care,Health Care Distributors,10.34,59.8641369,618.9951755459999,3,3
224,HSY,The Hershey Company,160.33999630000002,-30.50392737,Consumer Staples,Packaged Foods & Meats,33.63,69.49607263,2337.1529225469008,2,3
225,HES,Hess Corporation,60.34000015,-52.08816743,Energy,Integrated Oil & Gas,18.42,47.91183257,882.5359559394002,1,2
226,HPE,Hewlett Packard Enterprise,14.43999958,-45.77562222,Information Technology,"Technology Hardware, Storage & Peripherals",18.67,54.22437778,1012.3691331525999,3,3
227,HLT,Hilton Worldwide Holdings Inc,113.2300034,-44.06959291,Consumer Discretionary,"Hotels, Resorts & Cruise Lines",31.42,55.93040709,1757.3333907678002,3,3
228,HFC,HollyFrontier Corp,43.31999969,-56.92520781,Energy,Oil & Gas Refining & Marketing,7.0120000000000005,43.07479219,302.04044283627996,1,2
229,HOLX,Hologic,53.02000046,-44.58695038,Health Care,Health Care Equipment,13.96,55.41304962,773.5661726952002,3,3
230,HD,Home Depot,245.0299988,-33.72648239,Consumer Discretionary,Home Improvement Retail,263.9,66.27351761,17489.581297278997,2,3
231,HON,Honeywell Int'l Inc.,180.8099976,-42.5584857,Industrials,Industrial Conglomerates,128.85,57.4415143,7401.339117555,3,3
232,HRL,Hormel Foods Corp.,48.58000183,-12.90654636,Consumer Staples,Packaged Foods & Meats,26.11,87.09345364,2274.0100745404,2,1
233,HST,Host Hotels & Resorts,16.90999985,-36.84210289,Real Estate,Hotel & Resort REITs,12.06,63.15789711,761.6842391466,3,3
234,HPQ,HP Inc.,22.37000084,-38.75726734,Information Technology,"Technology Hardware, Storage & Peripherals",32.06,61.24273266,1963.4420090796,3,3
235,HUM,Humana Inc.,375.85000610000003,-42.94798744,Health Care,Managed Health Care,49.65,57.05201256,2832.6324236040005,3,3
236,HBAN,Huntington Bancshares,14.07999992,-50.28409064,Financials,Regional Banks,14.35,49.71590936,713.4232993160001,1,2
237,HII,Huntington Ingalls Industries,246.21000669999998,-37.46395475,Industrials,Aerospace & Defense,10.04,62.53604525,627.8618943099998,3,3
238,IEX,IDEX Corporation,174.78999330000005,-34.406999299999995,Industrials,Industrial Machinery,13.3,65.5930007,872.3869093100003,3,3
239,IDXX,IDEXX Laboratories,288.7799988,-36.65073647,Health Care,Health Care Equipment,24.64,63.34926353,1560.9258533792001,3,3
240,INFO,IHS Markit Ltd.,80.76000214,-43.78405111,Industrials,Research & Consulting Services,31.73,56.21594889,1783.7320582797,3,3
241,ITW,Illinois Tool Works,187.8600006,-37.13936125,Industrials,Industrial Machinery,59.9,62.86063875,3765.352261125,3,3
242,ILMN,Illumina Inc,298.92001339999996,-20.46032924,Health Care,Life Sciences Tools & Services,43.94,79.53967076,3494.9731331944,2,1
243,INCY,Incyte,78.44999695,-19.46462363,Health Care,Biotechnology,17.01,80.53537637,1369.9067520536998,2,1
244,IR,Ingersoll Rand,146.5500031,-86.69396138,Industrials,Industrial Machinery,7.555,13.306038619999995,100.52712177409997,1,2
245,INTC,Intel Corp.,67.26999664,-26.29700564,Information Technology,Semiconductors,287.71,73.70299436,21205.088507315602,2,1
246,ICE,Intercontinental Exchange,96.86000061,-30.98286387,Financials,Financial Exchanges & Data,53.61,69.01713613,3700.0086679293,2,3
247,IBM,International Business Machines,150.6999969,-37.11347143,Information Technology,IT Consulting & Other Services,133.88,62.88652857,8419.2484449516,3,3
248,IP,International Paper,43.18999863,-38.71266461,Materials,Paper Packaging,16.94,61.28733539,1038.2074615066,3,3
249,IPG,Interpublic Group,24.46999931,-47.36411739,Communication Services,Advertising,9.49,52.63588261,499.51452596890005,3,3
250,IFF,Intl Flavors & Fragrances,135.86999509999998,-30.61014045,Materials,Specialty Chemicals,14.51,69.38985955,1006.8468620705,2,3
251,INTU,Intuit Inc.,304.2900085,-36.00841442,Information Technology,Application Software,79.28,63.99158558,5073.2529047824,3,3
252,ISRG,Intuitive Surgical Inc.,603.3599853999998,-39.04965378,Health Care,Health Care Equipment,69.98,60.95034622,4265.3052284756,3,3
253,IVZ,Invesco Ltd.,17.78000069,-57.19910101,Financials,Asset Management & Custody Banks,8.062000000000001,42.80089899,345.06084765737984,1,2
254,IPGP,IPG Photonics Corp.,139.4900055,-21.12696802,Information Technology,Electronic Manufacturing Services,7.394,78.87303198000002,583.18719846012,2,1
255,IQV,IQVIA Holdings Inc.,164.32000730000001,-48.88023597,Health Care,Life Sciences Tools & Services,31.68,51.11976403,1619.4741244704,3,3
256,IRM,Iron Mountain Incorporated,33.13999939,-32.40796611,Real Estate,Specialized REITs,9.523,67.59203389000001,643.6789387344702,2,3
257,JKHY,Jack Henry & Associates,172.08000180000005,-24.68038166,Information Technology,Data Processing & Outsourced Services,13.2,75.31961834,994.218962088,2,1
258,J,Jacobs Engineering Group,100.6600037,-37.40314323,Industrials,Construction & Engineering,13.39,62.59685677,838.1719121502998,3,3
259,JBHT,J. B. Hunt Transport Services,110.0699997,-28.19115005,Industrials,Trucking,11.69,71.80884995,839.4454559154999,2,1
260,SJM,JM Smucker,110.0,-12.91818099,Consumer Staples,Packaged Foods & Meats,12.54,87.08181901,1092.0060103854,2,1
261,JNJ,Johnson & Johnson,150.13000490000005,-25.970828100000002,Health Care,Pharmaceuticals,395.55,74.02917190000002,29282.238945045,2,1
262,JCI,Johnson Controls International,41.95999908,-43.99427904,Industrials,Building Products,32.01,56.00572096,1792.7431279295997,3,3
263,JPM,JPMorgan Chase & Co.,137.46000669999998,-42.5069148,Financials,Diversified Banks,422.55,57.49308520000001,24293.70315126,3,3
264,JNPR,Juniper Networks,24.23999977,-28.71286778,Information Technology,Communications Equipment,8.012,71.28713222,571.1525033466401,2,1
265,KSU,Kansas City Southern,173.6399994,-42.09859406,Industrials,Railroads,16.7,57.90140594,966.9534791980001,3,3
266,K,Kellogg Co.,67.70999908,-20.89794403,Consumer Staples,Packaged Foods & Meats,23.16,79.10205597,1832.0036162652,2,1
267,KEY,KeyCorp,19.72999954,-56.61428982,Financials,Regional Banks,19.28,43.38571018,836.4764922704,1,2
268,KEYS,Keysight Technologies,98.16000366,-17.30848091,Information Technology,Electronic Equipment & Instruments,18.43,82.69151909,1524.0046968287,2,1
269,KMB,Kimberly-Clark,145.5599976,-22.82220512,Consumer Staples,Household Products,49.75,77.17779488,3839.59529528,2,1
270,KIM,Kimco Realty,19.26000023,-51.14226513,Real Estate,Retail REITs,8.317,48.85773487,406.34978091378997,1,2
271,KMI,Kinder Morgan,22.0,-49.86363758,Energy,Oil & Gas Storage & Transportation,49.83,50.13636242,2498.2949393885997,1,2
272,KLAC,KLA Corporation,176.27999880000004,-33.99137655,Information Technology,Semiconductor Equipment,27.64,66.00862345,1824.4783521579998,3,3
273,KSS,Kohl's Corp.,44.47000122,-70.56442592,Consumer Discretionary,General Merchandise Stores,6.937,29.435574079999995,204.19457739296,1,2
274,KHC,Kraft Heinz Co,26.87999916,-22.73065065,Consumer Staples,Packaged Foods & Meats,32.83,77.26934935,2536.7527391605,2,1
275,KR,Kroger Co.,28.22999954,10.09564445,Consumer Staples,Food Retail,22.25,110.09564445,2449.6280890125,2,1
276,LB,L Brands Inc.,24.34000015,-62.32539023,Consumer Discretionary,Apparel Retail,6.742000000000001,37.67460977,254.00221906934,1,2
277,LHX,L3Harris Technologies,228.5500031,-34.2725884,Industrials,Aerospace & Defense,49.88,65.72741160000001,3278.4832906080005,3,3
278,LH,Laboratory Corp. of America Holding,195.27999880000002,-46.57927061,Health Care,Health Care Services,18.98,53.42072939,1013.9254438222,3,3
279,LRCX,Lam Research,339.2999878,-43.16238932,Information Technology,Semiconductor Equipment,49.38,56.83761068,2806.6412153784004,3,3
280,LW,Lamb Weston Holdings Inc,95.16999817,-49.86865609,Consumer Staples,Packaged Foods & Meats,13.9,50.13134391,696.825680349,1,2
281,LVS,Las Vegas Sands,68.06999969,-36.16864851,Consumer Discretionary,Casinos & Gaming,51.98,63.83135149,3317.9536504502003,3,3
282,LEG,Leggett & Platt,45.59999847,-50.72368407,Consumer Discretionary,Home Furnishings,6.025,49.27631593,296.88980347825003,1,2
283,LDOS,Leidos Holdings,112.8099976,-37.21301005,Information Technology,IT Consulting & Other Services,15.95,62.78698995,1001.4524897025,3,3
284,LEN,Lennar Corp.,70.34999847,-58.28002698,Consumer Discretionary,Homebuilding,21.99,41.71997302,917.4222067098,1,2
285,LLY,Lilly (Eli) & Co.,141.11999509999995,-15.63916725,Health Care,Pharmaceuticals,134.96,84.36083275,11385.33798794,2,1
286,LNC,Lincoln National,61.11000061,-71.60857436,Financials,Multi-line Insurance,11.94,28.391425639999994,338.99362214159993,1,2
287,LIN,Linde plc,222.6399994,-32.62666169,Materials,Industrial Gases,118.66,67.37333831000001,7994.520323864601,2,3
288,LYV,Live Nation Entertainment,74.01999664,-49.56767965,Communication Services,Movies & Entertainment,15.82,50.43232035,797.839307937,1,2
289,LKQ,LKQ Corporation,33.20000076,-58.13253223,Consumer Discretionary,Distributors,10.18,41.86746777,426.2108218986,1,2
290,LMT,Lockheed Martin Corp.,437.85000610000014,-36.78200664,Industrials,Aerospace & Defense,123.45,63.21799336,7804.261280291999,3,3
291,L,Loews Corp.,54.18999863,-45.11902468,Financials,Multi-line Insurance,15.59,54.88097532,855.5944052387999,3,3
292,LOW,Lowe's Cos.,125.41999820000001,-45.94163288,Consumer Discretionary,Home Improvement Retail,95.7,54.05836712,5173.385733384001,3,3
293,LYB,LyondellBasell,82.59999847,-50.9806266,Materials,Specialty Chemicals,27.55,49.0193734,1350.48373717,1,2
294,MTB,M&T Bank Corp.,169.77999880000004,-48.10931847,Financials,Regional Banks,22.15,51.89068153,1149.3785958895,3,3
295,M,Macy's Inc.,16.67000008,-71.14577132,Consumer Discretionary,Department Stores,5.152,28.85422868000001,148.65698615936003,1,2
296,MRO,Marathon Oil Corp.,10.64000034,-68.51503951,Energy,Oil & Gas Exploration & Production,8.468,31.48496049000001,266.61464542932003,1,2
297,MPC,Marathon Petroleum,58.33000183,-71.50694271,Energy,Oil & Gas Refining & Marketing,37.88,28.49305729,1079.3170101452001,1,2
298,MKTX,MarketAxess,345.69000239999997,-18.623623600000002,Financials,Financial Exchanges & Data,13.11,81.37637640000001,1066.844294604,2,1
299,MAR,Marriott Int'l.,144.8999939,-51.60110407,Consumer Discretionary,"Hotels, Resorts & Cruise Lines",46.96,48.39889593,2272.8121528728,1,2
300,MMC,Marsh & McLennan,118.77999879999999,-35.43525574,Financials,Insurance Brokers,59.82,64.56474426,3862.2630016332,3,3
301,MLM,Martin Marietta Materials,263.480011,-45.30135528,Materials,Construction Materials,16.39,54.69864472,896.5107869608,3,3
302,MAS,Masco Corp.,45.61000061,-39.64042903,Industrials,Building Products,12.67,60.35957097,764.7557641899001,3,3
303,MA,Mastercard Inc.,340.9500122,-40.37248987,Information Technology,Data Processing & Outsourced Services,342.69,59.62751013,20433.7514464497,3,3
304,MKC,McCormick & Co.,166.83999630000002,-31.77295353,Consumer Staples,Packaged Foods & Meats,22.18,68.22704647,1513.2758907046,2,3
305,MXIM,Maxim Integrated Products Inc,63.56000137,-27.89490113,Information Technology,Semiconductors,17.12,72.10509887,1234.4392926544,2,1
306,MCD,McDonald's Corp.,217.0899963,-36.84646533,Consumer Discretionary,Restaurants,161.83,63.15353467,10220.136515646102,3,3
307,MCK,McKesson Corp.,168.02999880000004,-31.11349114,Health Care,Health Care Distributors,29.73,68.88650885999999,2047.9959084078,2,3
308,MDT,Medtronic plc,117.33000179999999,-37.85050965,Health Care,Health Care Equipment,157.31,62.14949035,9776.7363269585,3,3
309,MRK,Merck & Co.,82.65000153,-19.66122166,Health Care,Pharmaceuticals,209.62,80.33877834,16840.6147156308,2,1
310,MET,MetLife Inc.,52.27999878,-54.99234653,Financials,Life & Health Insurance,47.88,45.00765347,2154.9664481436,1,2
311,MTD,Mettler Toledo,763.2000122000003,-22.77123117,Health Care,Life Sciences Tools & Services,18.36,77.22876883,1417.9201957188004,2,1
312,MGM,MGM Resorts International,31.52000046,-70.97081381,Consumer Discretionary,Casinos & Gaming,15.86,29.029186190000004,460.40289297339996,1,2
313,MCHP,Microchip Technology,109.3600006,-40.09692596,Information Technology,Semiconductors,26.2,59.90307404,1569.4605398479998,3,3
314,MU,Micron Technology,58.5,-34.61538462,Information Technology,Semiconductors,64.99,65.38461538,4249.346153546198,3,3
315,MSFT,Microsoft Corp.,185.3500061,-26.636098600000004,Information Technology,Systems Software,1410.0,73.3639014,103443.100974,2,1
316,MAA,Mid-America Apartments,145.5099945,-41.811558399999996,Real Estate,Residential REITs,16.62,58.1884416,967.0918993920004,3,3
317,MHK,Mohawk Industries,137.9799957,-54.10204103,Consumer Discretionary,Home Furnishings,9.884,45.89795897,453.65542645948,1,2
318,TAP,Molson Coors Brewing Company,55.25,-37.44796132,Consumer Staples,Brewers,11.96,62.55203868,748.1223826128,3,3
319,MDLZ,Mondelez International,59.68000031,-29.74195695,Consumer Staples,Packaged Foods & Meats,85.52,70.25804305,6008.467841635998,2,1
320,MNST,Monster Beverage,69.86000061,-27.03979276,Consumer Staples,Soft Drinks,37.49,72.96020724,2735.2781694276005,2,1
321,MCO,Moody's Corp,277.82998660000004,-40.57876964,Financials,Financial Exchanges & Data,52.07,59.42123036,3094.0634648452,3,3
322,MS,Morgan Stanley,55.84000015,-50.1969925,Financials,Investment Banking & Brokerage,85.57,49.8030075,4261.643351774998,1,2
323,MOS,The Mosaic Company,18.75,-50.82666524,Materials,Fertilizers & Agricultural Chemicals,7.102,49.17333476,349.22902346552,1,2
324,MSI,Motorola Solutions Inc.,184.41000369999998,-32.45485869,Information Technology,Communications Equipment,31.46,67.54514130999999,2124.9701456126,2,3
325,MSCI,MSCI Inc,322.5599976000001,-28.21490426,Financials,Financial Exchanges & Data,27.36,71.78509574,1964.0402194464002,2,1
326,MYL,Mylan N.V.,21.89999962,-28.12785367,Health Care,Pharmaceuticals,11.3,71.87214632999998,812.155253529,2,1
327,NDAQ,"Nasdaq, Inc.",116.1999969,-37.29776031,Financials,Financial Exchanges & Data,19.17,62.70223969,1202.0019348573,3,3
328,NOV,National Oilwell Varco Inc.,22.88999939,-57.4049792,Energy,Oil & Gas Equipment & Services,8.834,42.5950208,376.2844137472,1,2
329,NTAP,NetApp,54.24000168,-34.826701,Information Technology,"Technology Hardware, Storage & Peripherals",12.0,65.173299,782.0795880000003,3,3
330,NFLX,Netflix Inc.,380.39999389999997,-5.2917994760000004,Communication Services,Movies & Entertainment,166.92,94.70820052399999,15808.692831466082,2,1
331,NWL,Newell Brands,20.10000038,-47.51243786,Consumer Discretionary,Housewares & Specialties,8.512,52.48756214,446.77412893568,3,3
332,NEM,Newmont Corporation,44.06999969,-5.468572417000001,Materials,Gold,35.59,94.531427583,3364.3735076789703,2,1
333,NWSA,News Corp. Class A,14.60000038,-43.63014159,Communication Services,Publishing,8.589,56.36985841,484.16071388349013,3,3
334,NWS,News Corp. Class B,14.97999954,-45.66087722,Communication Services,Publishing,8.812000000000003,54.33912278,478.8363499373599,3,3
335,NEE,NextEra Energy,278.519989,-34.77667283,Utilities,Multi-Utilities,136.19,65.22332717,8882.7649272823,3,3
336,NLSN,Nielsen Holdings,21.38999939,-44.17952351,Industrials,Research & Consulting Services,7.622999999999998,55.82047649,425.51949228327004,3,3
337,NKE,Nike,103.54000090000001,-39.3471135,Consumer Discretionary,"Apparel, Accessories & Luxury Goods",161.25,60.6528865,9780.277948125,3,3
338,NI,NiSource Inc.,30.20999908,-30.95001244,Utilities,Multi-Utilities,11.54,69.04998756,796.8368564424001,2,3
339,NBL,Noble Energy Inc,19.15999985,-76.67014705,Energy,Oil & Gas Exploration & Production,9.168,23.32985295000001,213.8880918456,1,2
340,JWN,Nordstrom,40.27999878,-61.24627575,Consumer Discretionary,Department Stores,6.268,38.75372425,242.908343599,1,2
341,NSC,Norfolk Southern Corp.,209.3500061,-43.21471517,Industrials,Railroads,53.98,56.78528483,3065.2696751234002,3,3
342,NTRS,Northern Trust Corp.,101.1999969,-37.63833744,Financials,Asset Management & Custody Banks,21.18,62.36166256,1320.8200130208,3,3
343,NOC,Northrop Grumman,370.94000239999997,-27.249694399999996,Industrials,Aerospace & Defense,62.18,72.7503056,4523.614002208,2,1
344,NCLH,Norwegian Cruise Line Holdings,52.45999908,-81.56690765,Consumer Discretionary,"Hotels, Resorts & Cruise Lines",11.18,18.433092349999995,206.08197247299995,1,2
345,NRG,NRG Energy,40.06000137,-44.68297781,Utilities,Independent Power Producers & Energy Traders,9.975,55.31702219,551.7872963452501,3,3
346,NUE,Nucor Corp.,47.15000153,-39.72428599,Materials,Steel,14.23,60.27571401,857.7234103623,3,3
347,NVDA,Nvidia Corporation,289.7900085,-26.60547425,Information Technology,Semiconductors,177.35,73.39452575,13016.5191417625,2,1
348,NVR,NVR Inc,3993.6298829999996,-45.5382681,Consumer Discretionary,Homebuilding,14.69,54.4617319,800.0428416110001,3,3
349,ORLY,O'Reilly Automotive,390.89001460000003,-33.24976243,Consumer Discretionary,Specialty Stores,29.56,66.75023757,1973.1370225692,2,3
350,OXY,Occidental Petroleum,41.59999847,-76.70673092,Energy,Oil & Gas Exploration & Production,37.24,23.29326908,867.4413405392003,1,2
351,ODFL,Old Dominion Freight Line,147.9400024,-22.55418964,Industrials,Trucking,17.68,77.44581036,1369.2419271648,2,1
352,OMC,Omnicom Group,78.13999939,-38.18786842,Communication Services,Advertising,16.95,61.81213158,1047.7156302810001,3,3
353,OKE,ONEOK,76.98000336,-74.53884187,Energy,Oil & Gas Storage & Transportation,31.81,25.46115813,809.9194401153,1,2
354,ORCL,Oracle Corp.,55.47000122,-20.33532062,Information Technology,Application Software,177.93,79.66467938,14174.736402083401,2,1
355,PCAR,PACCAR Inc.,74.73999786,-33.22183399,Industrials,Construction Machinery & Heavy Trucks,25.89,66.77816601,1728.8867179989002,2,3
356,PKG,Packaging Corporation of America,98.94000244,-22.96341284,Materials,Paper Packaging,9.37,77.03658716,721.8328216891997,2,1
357,PH,Parker-Hannifin,211.8399963,-53.94637498,Industrials,Industrial Machinery,27.19,46.05362502,1252.1980642938001,1,2
358,PAYX,Paychex Inc.,89.20999908,-43.51530108,Information Technology,Data Processing & Outsourced Services,31.97,56.48469892,1805.8158244724,3,3
359,PAYC,Paycom,314.42999269999996,-43.09066991,Information Technology,Application Software,18.5,56.90933009,1052.822606665,3,3
360,PYPL,PayPal,122.9899979,-30.677287899999996,Information Technology,Data Processing & Outsourced Services,144.26,69.32271209999999,10000.494447546,2,3
361,PNR,Pentair plc,44.24000168,-48.34991068,Industrials,Industrial Machinery,7.445,51.65008932,384.5349149874,3,3
362,PBCT,People's United Financial,16.25,-34.15384733,Financials,Thrifts & Mortgage Finance,7.047999999999999,65.84615267000001,464.0836840181601,3,3
363,PEP,PepsiCo Inc.,146.9900055,-28.44411431,Consumer Staples,Soft Drinks,204.25,71.55588569,14615.2896521825,2,1
364,PKI,PerkinElmer,95.55999756,-28.99748827,Health Care,Health Care Equipment,10.62,71.00251173,754.0466745725998,2,1
365,PRGO,Perrigo,57.70999908,-26.75446001,Health Care,Pharmaceuticals,7.854,73.24553999,575.27047108146,2,1
366,PFE,Pfizer Inc.,36.50999832,-21.96658154,Health Care,Pharmaceuticals,202.05,78.03341846000002,15766.652199843003,2,1
367,PM,Philip Morris International,88.5,-32.22598922,Consumer Staples,Tobacco,137.7,67.77401078,9332.481284406,2,3
368,PSX,Phillips 66,89.47000122,-52.95629867,Energy,Oil & Gas Refining & Marketing,39.32,47.04370133,1849.7583362956,1,2
369,PNW,Pinnacle West Capital,100.4300003,-37.35935512,Utilities,Multi-Utilities,11.29,62.64064488,707.2128806951999,3,3
370,PXD,Pioneer Natural Resources,139.2299957,-55.97931279,Energy,Oil & Gas Exploration & Production,23.05,44.02068721,1014.6768401905,1,2
371,PNC,PNC Financial Services,154.13000490000005,-47.68053148,Financials,Regional Banks,66.08,52.31946852,3457.2704798016,3,3
372,PPG,PPG Industries,120.15000149999999,-39.65876065,Materials,Specialty Chemicals,28.33,60.34123935,1709.4673107854999,3,3
373,PPL,PPL Corp.,35.36999893,-47.44133245,Utilities,Electric Utilities,27.16,52.55866755,1427.493410658,3,3
374,PFG,Principal Financial Group,56.36000061,-57.13271897,Financials,Life & Health Insurance,15.48,42.86728103,663.5855103444001,1,2
375,PG,Procter & Gamble,126.1399994,-22.54637909,Consumer Staples,Personal Products,311.5,77.45362091,24126.802913465,2,1
376,PGR,Progressive Corp.,83.76999664,-20.55627824,Financials,Property & Casualty Insurance,49.03,79.44372176,3895.125677892801,2,1
377,PLD,Prologis,97.55000305,-35.03844495,Real Estate,Industrial REITs,72.06,64.96155505,4681.129656903,3,3
378,PRU,Prudential Financial,94.48000336,-58.48856919,Financials,Life & Health Insurance,37.68,41.51143081,1564.1507129207998,1,2
379,PEG,Public Serv. Enterprise Inc.,58.47999954,-36.9699027,Utilities,Electric Utilities,29.47,63.0300973,1857.496967431,3,3
380,PSA,Public Storage,232.82000730000004,-31.01537859,Real Estate,Specialized REITs,40.61,68.98462141,2801.4654754601,2,3
381,PHM,PulteGroup,46.68999863,-62.004711300000004,Consumer Discretionary,Homebuilding,12.61,37.9952887,479.1205905069999,1,2
382,PVH,PVH Corp.,89.37000275,-67.49468687,Consumer Discretionary,"Apparel, Accessories & Luxury Goods",6.461,32.505313130000005,210.01682813293004,1,2
383,QRVO,Qorvo,106.0199966,-34.57837879,Information Technology,Semiconductors,12.26,65.42162121,802.0690760346,3,3
384,PWR,Quanta Services Inc.,40.5,-41.23456979,Industrials,Construction & Engineering,5.766,58.76543021,338.84147059086,3,3
385,QCOM,QUALCOMM Inc.,89.59999847,-30.21205375,Information Technology,Semiconductors,102.42,69.78794625,7147.681454925,2,3
386,DGX,Quest Diagnostics,112.84999850000001,-33.41603863,Health Care,Health Care Services,15.06,66.58396137,1002.7544582322,2,3
387,RL,Ralph Lauren Corporation,121.8399963,-46.32304375,Consumer Discretionary,"Apparel, Accessories & Luxury Goods",8.985,53.67695625,482.28745190625,3,3
388,RJF,Raymond James Financial Inc.,98.94999695,-44.31531059,Financials,Investment Banking & Brokerage,13.78,55.68468941,767.3350200698,3,3
389,RTN,Raytheon Co.,227.17999269999996,-49.14164775,Industrials,Aerospace & Defense,63.26,50.85835225,3217.299363335,3,3
390,O,Realty Income Corporation,80.25,-45.99376928,Real Estate,Retail REITs,26.77,54.00623072,1445.7467963744,3,3
391,REG,Regency Centers Corporation,64.01999664,-45.5170214,Real Estate,Retail REITs,10.74,54.4829786,585.147190164,3,3
392,REGN,Regeneron Pharmaceuticals,399.5499878,14.03579497,Health Care,Biotechnology,43.96,114.03579497,5013.0135468811995,2,1
393,RF,Regions Financial Corp.,16.54000092,-53.32527592,Financials,Regional Banks,15.83,46.67472408,738.8608821864,1,2
394,RSG,Republic Services Inc,100.4300003,-34.02369617,Industrials,Environmental & Facilities Services,32.04,65.97630383,2113.8807747132,3,3
395,RMD,ResMed,176.6000061,-31.27973023,Health Care,Health Care Equipment,25.54,68.72026977,1755.1156899257999,2,3
396,RHI,Robert Half International,60.20000076,-43.23920642,Industrials,Human Resource & Employment Services,6.93,56.76079358,393.35229950940004,3,3
397,ROK,Rockwell Automation Inc.,200.67999269999999,-39.86445849,Industrials,Electrical Components & Equipment,23.32,60.13554151,1402.3608280132,3,3
398,ROL,Rollins Inc.,39.81999969,-20.7182322,Industrials,Environmental & Facilities Services,13.05,79.2817678,1034.62706979,2,1
399,ROP,Roper Technologies,392.730011,-35.24813589,Industrials,Industrial Conglomerates,40.88,64.75186411,2647.0562048168003,3,3
400,ROST,Ross Stores,121.77999879999999,-48.3330606,Consumer Discretionary,Apparel Retail,43.45,51.6669394,2244.92851693,3,3
401,RCL,Royal Caribbean Cruises Ltd,113.1600037,-75.08837078,Consumer Discretionary,"Hotels, Resorts & Cruise Lines",23.63,24.911629219999995,588.6617984685997,1,2
402,SPGI,"S&P Global, Inc.",307.64999389999997,-37.57516435,Financials,Financial Exchanges & Data,75.01,62.42483565,4682.4869221065,3,3
403,CRM,Salesforce.com,189.9499969,-26.0226341,Information Technology,Application Software,169.63,73.97736590000002,12548.780577616999,2,1
404,SBAC,SBA Communications,294.60998539999997,-26.86602036,Real Estate,Specialized REITs,32.93,73.13397964,2408.3019495452004,2,1
405,SLB,Schlumberger Ltd.,34.41999817,-62.72515803,Energy,Oil & Gas Equipment & Services,47.78,37.27484197,1780.9919493266,1,2
406,STX,Seagate Technology,53.99000168,-24.46749859,Information Technology,"Technology Hardware, Storage & Peripherals",14.09,75.53250141,1064.2529448669,2,1
407,SEE,Sealed Air,34.77000046,-36.35318128,Materials,Paper Packaging,5.372000000000001,63.64681872,341.91071016384,3,3
408,SRE,Sempra Energy,160.96000669999995,-41.96073914,Utilities,Multi-Utilities,47.0,58.03926086,2727.84526042,3,3
409,NOW,ServiceNow,356.1600037,-28.31311638,Information Technology,Systems Software,67.6,71.68688362,4846.033332712,2,1
410,SHW,Sherwin-Williams,585.4500122000002,-32.24015647,Materials,Specialty Chemicals,53.99,67.75984353,3658.3539521846997,2,3
411,SPG,Simon Property Group Inc,138.91999819999998,-63.89288763,Real Estate,Retail REITs,42.63,36.10711237,1539.2462003331002,1,2
412,SWKS,Skyworks Solutions,118.9899979,-37.01151501,Information Technology,Semiconductors,20.25,62.98848499,1275.5168210475,3,3
413,SLG,SL Green Realty,95.04000092,-56.71296402,Real Estate,Office REITs,7.527,43.28703598,325.82151982146,1,2
414,SNA,Snap-on,156.2599945,-38.83911234,Industrials,Industrial Machinery,8.541,61.16088766,522.37514150406,3,3
415,SO,Southern Co.,69.01999664,-37.36597849,Utilities,Electric Utilities,72.76,62.63402151,4557.2514050676,3,3
416,LUV,Southwest Airlines,57.97000122,-41.81473377,Industrials,Airlines,29.99,58.18526623,1744.9761342376999,3,3
417,SWK,Stanley Black & Decker,166.97000119999996,-56.86051491,Industrials,Industrial Machinery,25.72,43.13948509,1109.5475565148,1,2
418,SBUX,Starbucks Corp.,89.27999878,-36.65994623,Consumer Discretionary,Restaurants,104.79,63.34005377,6637.404234558299,3,3
419,STT,State Street Corp.,77.84999847,-44.49582539,Financials,Asset Management & Custody Banks,27.59,55.50417461,1531.3601774898998,3,3
420,STE,STERIS plc,168.5099945,-36.05126957,Health Care,Health Care Equipment,14.29,63.94873043,913.8273578447,3,3
421,SYK,Stryker Corp.,221.53999330000002,-42.89970035,Health Care,Health Care Equipment,82.98,57.10029965,4738.182864957,3,3
422,SIVB,SVB Financial,265.4200134,-46.04400593,Financials,Regional Banks,13.7,53.95599407,739.197118759,3,3
423,SYF,Synchrony Financial,33.75,-62.07407351,Financials,Consumer Finance,20.7,37.92592649,785.066678343,1,2
424,SNPS,Synopsys Inc.,163.3500061,-33.59045038,Information Technology,Application Software,24.54,66.40954962,1629.6903476748,2,3
425,SYY,Sysco Corp.,78.20999908,-53.62485503,Consumer Staples,Food Distributors,39.77,46.37514497,1844.3395154569,1,2
426,TMUS,T-Mobile US,96.48000336,-21.53814851,Communication Services,Wireless Telecommunication Services,82.68,78.46185149,6487.225881193201,2,1
427,TROW,T. Rowe Price Group,137.3899994,-37.82662599,Financials,Asset Management & Custody Banks,32.43,62.17337401,2016.2825191442998,3,3
428,TTWO,Take-Two Interactive,113.4300003,-3.182580094,Communication Services,Interactive Home Entertainment,12.87,96.817419906,1246.0401941902198,2,1
429,TPR,"Tapestry, Inc.",29.20999908,-63.77952668,Consumer Discretionary,"Apparel, Accessories & Luxury Goods",8.062999999999999,36.22047332,292.04567637916006,1,2
430,TGT,Target Corp.,116.6299973,-17.09679781,Consumer Discretionary,General Merchandise Stores,58.8,82.90320219,4874.708288772,2,1
431,TEL,TE Connectivity Ltd.,93.30000305,-41.40407676,Information Technology,Electronic Manufacturing Services,31.18,58.59592324,1827.0208866232,3,3
432,FTI,TechnipFMC,17.26000023,-63.49941999999999,Energy,Oil & Gas Equipment & Services,7.716,36.50058000000001,281.63847528000014,1,2
433,TFX,Teleflex,386.64999389999997,-41.72766039,Health Care,Health Care Equipment,17.93,58.27233961,1044.8230492072998,3,3
434,TXN,Texas Instruments,132.2100067,-25.54269916,Information Technology,Semiconductors,123.48,74.45730084,9193.987507723199,2,1
435,TXT,Textron Inc.,48.08000183,-54.95008523,Industrials,Aerospace & Defense,10.96,45.04991477,493.74706587919997,1,2
436,TMO,Thermo Fisher Scientific,339.19000239999997,-24.73245048,Health Care,Life Sciences Tools & Services,135.28,75.26754952,10182.1940990656,2,1
437,TIF,Tiffany & Co.,134.2700043,-9.384081107,Consumer Discretionary,"Apparel, Accessories & Luxury Goods",16.27,90.61591889299999,1474.3210003891102,2,1
438,TJX,TJX Companies Inc.,63.38000107,-42.00063474,Consumer Discretionary,Apparel Retail,76.0,57.99936526,4407.95175976,3,3
439,TSCO,Tractor Supply Company,98.16999817,-20.48487418,Consumer Discretionary,Specialty Stores,11.51,79.51512582000002,915.2190981882001,2,1
440,TDG,TransDigm Group,646.75,-53.37765771,Industrials,Aerospace & Defense,34.72,46.62234229,1618.7277243088001,1,2
441,TRV,The Travelers Companies Inc.,137.7599945,-35.85946274,Financials,Property & Casualty Insurance,35.13,64.14053726,2253.2570739438,3,3
442,TFC,Truist Financial,54.93999863,-53.23989593,Financials,Regional Banks,73.77,46.76010407,3449.4928772439002,1,2
443,TWTR,"Twitter, Inc.",36.90999985,-33.107557199999995,Communication Services,Interactive Media & Services,28.87,66.8924428,1931.1848236360001,2,3
444,TSN,Tyson Foods,80.51000214,-28.4560962,Consumer Staples,Packaged Foods & Meats,29.39,71.5439038,2102.6753326820003,2,1
445,UDR,"UDR, Inc.",50.31999969,-40.30206459,Real Estate,Residential REITs,14.82,59.69793541,884.7234027761999,3,3
446,ULTA,Ulta Beauty,294.5700073000001,-51.37318738,Consumer Discretionary,Specialty Stores,16.68,48.62681262,811.0952345016002,1,2
447,USB,U.S. Bancorp,55.11000061,-47.50499005,Financials,Diversified Banks,83.9,52.49500995,4404.331334805,3,3
448,UAA,Under Armour Class A,17.19000053,-53.11227359,Consumer Discretionary,"Apparel, Accessories & Luxury Goods",7.767,46.88772641,364.17697102647,1,2
449,UA,Under Armour Class C,15.44999981,-53.78640806,Consumer Discretionary,"Apparel, Accessories & Luxury Goods",6.981,46.21359194,322.61708533314,1,2
450,UNP,Union Pacific Corp,184.0,-38.02173863,Industrials,Railroads,127.01,61.97826137,7871.8589766037,3,3
451,UAL,United Airlines Holdings,79.55000305,-67.00188687,Industrials,Airlines,19.98,32.99811312999999,659.3023003373999,1,2
452,UNH,United Health Group Inc.,298.7799988,-34.78144407,Health Care,Managed Health Care,283.41,65.21855593000001,18483.590936121305,3,3
453,UPS,United Parcel Service,105.9499969,-13.26096822,Industrials,Air Freight & Logistics,90.96,86.73903178,7889.7823307088,2,1
454,URI,"United Rentals, Inc.",156.8600006,-54.80683468,Industrials,Trading Companies & Distributors,11.67,45.19316532,527.4042392844,1,2
455,UTX,United Technologies,153.46000669999995,-51.159915500000004,Industrials,Aerospace & Defense,117.31,48.840084499999996,5729.430312695,1,2
456,UHS,"Universal Health Services, Inc.",139.92999269999999,-48.66004424,Health Care,Health Care Facilities,12.14,51.33995576,623.2670629264002,3,3
457,UNM,Unum Group,30.01000023,-65.41152937,Financials,Life & Health Insurance,6.091,34.58847063,210.67837460733003,1,2
458,VFC,V.F. Corp.,83.66000366,-45.02749263,Consumer Discretionary,"Apparel, Accessories & Luxury Goods",33.02,54.97250737,1815.1921933574008,3,3
459,VLO,Valero Energy,82.63999939,-60.52759055,Energy,Oil & Gas Refining & Marketing,33.83,39.47240945,1335.3516116935,1,2
460,VAR,Varian Medical Systems,146.91999819999995,-38.87149559,Health Care,Health Care Equipment,13.32,61.12850441,814.2316787412,3,3
461,VTR,Ventas Inc,59.75,-61.50627615,Real Estate,Health Care REITs,22.28,38.49372385,857.6401673780002,1,2
462,VRSN,Verisign Inc.,209.57000730000001,-27.86658735,Information Technology,Internet Services & Infrastructure,24.4,72.13341265,1760.05526866,2,1
463,VRSK,Verisk Analytics,171.38000490000005,-29.29163447,Industrials,Research & Consulting Services,27.95,70.70836553,1976.2988165635002,2,1
464,VZ,Verizon Communications,58.50999832,-14.01469353,Communication Services,Integrated Telecommunication Services,241.99,85.98530647,20807.5843126753,2,1
465,VRTX,Vertex Pharmaceuticals Inc,243.82000730000004,-17.065868,Health Care,Biotechnology,63.21,82.93413199999998,5242.26648372,2,1
466,VIAC,ViacomCBS,34.97999954,-67.75300206,Communication Services,Movies & Entertainment,21.47,32.24699794,692.3430457717999,1,2
467,V,Visa Inc.,210.28999330000002,-35.45103912,Information Technology,Data Processing & Outsourced Services,465.98,64.54896088000001,30078.5247908624,3,3
468,VNO,Vornado Realty Trust,67.88999939,-54.91235692,Real Estate,Office REITs,12.97,45.08764308,584.7867307476,1,2
469,VMC,Vulcan Materials,146.97000119999996,-44.19269513,Materials,Construction Materials,19.46,55.80730487,1086.0101527702002,3,3
470,WRB,W. R. Berkley Corporation,79.40000153,-45.39042849,Financials,Property & Casualty Insurance,14.56,54.60957151,795.1153611856,3,3
471,WAB,Wabtec Corporation,77.05000305,-46.61907925,Industrials,Construction Machinery & Heavy Trucks,14.77,53.38092075,788.4361994775,3,3
472,WMT,Walmart,117.8899994,-3.0621771389999997,Consumer Staples,Hypermarkets & Super Centers,330.09,96.937822861,31998.20594818749,2,1
473,WBA,Walgreens Boots Alliance,52.84999847,-17.48344017,Consumer Staples,Drug Retail,46.82,82.51655983,3863.4253312406,2,1
474,DIS,The Walt Disney Company,139.53999330000002,-38.54091568,Communication Services,Movies & Entertainment,251.93,61.45908432,15483.3871127376,3,3
475,WM,Waste Management Inc.,125.75,-30.12325825,Industrials,Environmental & Facilities Services,53.41,69.87674175000001,3732.1167768675,2,3
476,WAT,Waters Corporation,216.05999759999997,-24.85420603,Health Care,Health Care Distributors,13.52,75.14579397,1015.9711344744001,2,1
477,WEC,Wec Energy Group Inc,101.8700027,-30.41131101,Utilities,Electric Utilities,32.13,69.58868899000001,2235.8845772486998,2,3
478,WFC,Wells Fargo,48.22000122,-47.63583708,Financials,Diversified Banks,199.36,52.36416292,10439.3195197312,3,3
479,WELL,Welltower Inc.,89.31999969,-51.30989495,Real Estate,Health Care REITs,36.65,48.69010505,1784.4923500825,1,2
480,WDC,Western Digital,69.25,-50.36823259,Information Technology,"Technology Hardware, Storage & Peripherals",20.7,49.63176741,1027.377585387,1,2
481,WU,Western Union Co,26.23999977,-29.30640473,Information Technology,Data Processing & Outsourced Services,10.84,70.69359527,766.3185727268,2,1
482,WRK,WestRock,40.52999878,-38.78608386,Materials,Paper Packaging,10.48,61.21391614,641.5218411472,3,3
483,WY,Weyerhaeuser,30.65999985,-56.06653511,Real Estate,Specialized REITs,22.86,43.93346489,1004.3190073853999,1,2
484,WHR,Whirlpool Corp.,152.16000369999998,-57.79442713,Consumer Discretionary,Household Appliances,9.553,42.20557287,403.18983762710997,1,2
485,WMB,Williams Cos.,21.54000092,-48.23584427,Energy,Oil & Gas Storage & Transportation,26.11,51.76415573,1351.5621061103,3,3
486,WLTW,Willis Towers Watson,213.66999819999998,-30.94023549,Financials,Insurance Brokers,27.5,69.05976451000001,1899.1435240250007,2,3
487,WYNN,Wynn Resorts Ltd,132.1399994,-56.43257154,Consumer Discretionary,Casinos & Gaming,14.21,43.56742846,619.0931584166001,1,2
488,XEL,Xcel Energy Inc,70.26000214,-28.83575508,Utilities,Multi-Utilities,36.86,71.16424492,2623.1140677512,2,1
489,XRX,Xerox,37.81999969,-57.40348826,Information Technology,"Technology Hardware, Storage & Peripherals",8.048,42.59651174,342.81672648352003,1,2
490,XLNX,Xilinx,90.16999817,-20.1508246,Information Technology,Semiconductors,22.44,79.84917540000002,1791.8154959760004,2,1
491,XYL,Xylem Inc.,88.13999939,-35.73859793,Industrials,Industrial Machinery,15.88,64.26140207,1020.4710648716,3,3
492,YUM,Yum! Brands Inc,105.27999879999999,-46.31458861,Consumer Discretionary,Restaurants,31.67,53.68541139,1700.2169787213,3,3
493,ZBRA,Zebra Technologies,238.7700043,-28.50023112,Information Technology,Electronic Equipment & Instruments,12.9,71.49976888,922.347018552,2,1
494,ZBH,Zimmer Biomet Holdings,160.3999939,-49.61970035,Health Care,Health Care Equipment,33.11,50.38029965,1668.0917214115,1,2
495,ZION,Zions Bancorp,46.25999832,-47.94638825,Financials,Regional Banks,7.629,52.05361175,397.11700404075,3,3
496,ZTS,Zoetis,144.16999819999995,-35.72865032,Health Care,Pharmaceuticals,68.47,64.27134968,4400.659312589601,3,3
497,BRK.B,Berkshire Hathaway,226.8,-28.51410935,Financials,Multi-Sector Holdings,552.62,71.48589065,39504.532891003,2,1
498,BF.B,Brown-Forman Corp.,71.4,-34.90196078,Consumer Staples,Distillers & Vintners,34.13,65.09803922,2221.7960785786004,3,3
499,CTVA,Corteva,30.71,-28.6225985,Materials,Fertilizers & Agricultural Chemicals,23.01,71.3774015,1642.3940085150002,2,1
500,NLOK,NortonLifeLock,20.66,-19.74830591,Information Technology,Application Software,12.4,80.25169409,995.121006716,2,1
501,DOW,Dow Inc.,48.63,-45.34238125,Materials,Commodity Chemicals,36.12,54.65761875,1974.23318925,3,3
502,FOXA,Fox Corporation Class A,37.8,-46.56084656,Communication Services,Movies & Entertainment,22.94,53.43915344,1225.8941799136,3,3
503,FOX,Fox Corporation Class B,37.31,-46.9043152,Communication Services,Movies & Entertainment,22.64,53.0956848,1202.086303872,3,3
504,TT,Trane Technologies plc,113.6901,-37.32083972,Industrials,Building Products,27.1,62.67916028,1698.605243588,3,3
